PERCENTAGE OF VISITS FOR INFLUENZA-LIKE-ILLNESS REPORTED BY SENTINEL PROVIDERS
REGION TYPE,REGION,YEAR,WEEK,% WEIGHTED ILI,%UNWEIGHTED ILI,AGE 0-4,AGE 25-49,AGE 25-64,AGE 5-24,AGE 50-64,AGE 65,ILITOTAL,NUM. OF PROVIDERS,TOTAL PATIENTS
States,New York,2010,40,X,0.26299,X,X,X,X,X,X,37,91,14069
States,New York,2010,41,X,0.369729,X,X,X,X,X,X,47,89,12712
States,New York,2010,42,X,0.362121,X,X,X,X,X,X,53,95,14636
States,New York,2010,43,X,0.358981,X,X,X,X,X,X,53,98,14764
States,New York,2010,44,X,0.527357,X,X,X,X,X,X,80,104,15170
States,New York,2010,45,X,0.504756,X,X,X,X,X,X,78,105,15453
States,New York,2010,46,X,0.503441,X,X,X,X,X,X,79,107,15692
States,New York,2010,47,X,0.54919,X,X,X,X,X,X,58,104,10561
States,New York,2010,48,X,1.62591,X,X,X,X,X,X,244,105,15007
States,New York,2010,49,X,2.1629,X,X,X,X,X,X,303,103,14009
States,New York,2010,50,X,2.68099,X,X,X,X,X,X,357,102,13316
States,New York,2010,51,X,3.84844,X,X,X,X,X,X,388,103,10082
States,New York,2010,52,X,4.19925,X,X,X,X,X,X,349,100,8311
States,New York,2011,1,X,2.87699,X,X,X,X,X,X,352,101,12235
States,New York,2011,2,X,3.45107,X,X,X,X,X,X,383,101,11098
States,New York,2011,3,X,3.07852,X,X,X,X,X,X,356,103,11564
States,New York,2011,4,X,3.35509,X,X,X,X,X,X,437,104,13025
States,New York,2011,5,X,4.04412,X,X,X,X,X,X,528,100,13056
States,New York,2011,6,X,3.89805,X,X,X,X,X,X,572,96,14674
States,New York,2011,7,X,4.03668,X,X,X,X,X,X,537,88,13303
States,New York,2011,8,X,3.74332,X,X,X,X,X,X,420,88,11220
States,New York,2011,9,X,2.72493,X,X,X,X,X,X,328,85,12037
States,New York,2011,10,X,2.7215,X,X,X,X,X,X,313,85,11501
States,New York,2011,11,X,3.02193,X,X,X,X,X,X,339,83,11218
States,New York,2011,12,X,2.3114,X,X,X,X,X,X,254,85,10989
States,New York,2011,13,X,2.02105,X,X,X,X,X,X,242,82,11974
States,New York,2011,14,X,2.22854,X,X,X,X,X,X,251,80,11263
States,New York,2011,15,X,2.3652,X,X,X,X,X,X,236,78,9978
States,New York,2011,16,X,2.23407,X,X,X,X,X,X,197,77,8818
States,New York,2011,17,X,1.35642,X,X,X,X,X,X,123,72,9068
States,New York,2011,18,X,1.66576,X,X,X,X,X,X,153,78,9185
States,New York,2011,19,X,1.72106,X,X,X,X,X,X,164,74,9529
States,New York,2011,20,X,0.703443,X,X,X,X,X,X,57,73,8103
States,New York,2011,21,X,1.56349,X,X,X,X,X,X,99,61,6332
States,New York,2011,22,X,1.77814,X,X,X,X,X,X,88,62,4949
States,New York,2011,23,X,0.14752,X,X,X,X,X,X,8,60,5423
States,New York,2011,24,X,0.0909091,X,X,X,X,X,X,5,60,5500
States,New York,2011,25,X,0.134901,X,X,X,X,X,X,7,60,5189
States,New York,2011,26,X,0.13616,X,X,X,X,X,X,7,60,5141
States,New York,2011,27,X,0.0538358,X,X,X,X,X,X,2,59,3715
States,New York,2011,28,X,0.0580608,X,X,X,X,X,X,3,60,5167
States,New York,2011,29,X,0.145591,X,X,X,X,X,X,7,60,4808
States,New York,2011,30,X,0.137255,X,X,X,X,X,X,7,60,5100
States,New York,2011,31,X,0.17105,X,X,X,X,X,X,8,59,4677
States,New York,2011,32,X,0.125418,X,X,X,X,X,X,6,59,4784
States,New York,2011,33,X,0.131926,X,X,X,X,X,X,7,59,5306
States,New York,2011,34,X,0.0888099,X,X,X,X,X,X,6,59,6756
States,New York,2011,35,X,0.157159,X,X,X,X,X,X,10,51,6363
States,New York,2011,36,X,0.152759,X,X,X,X,X,X,8,51,5237
States,New York,2011,37,X,0.127805,X,X,X,X,X,X,9,51,7042
States,New York,2011,38,X,0.282595,X,X,X,X,X,X,22,52,7785
States,New York,2011,39,X,0.323494,X,X,X,X,X,X,24,54,7419
States,New York,2011,40,X,0.532345,X,X,X,X,X,X,79,108,14840
States,New York,2011,41,X,0.553468,X,X,X,X,X,X,81,107,14635
States,New York,2011,42,X,0.440685,X,X,X,X,X,X,62,101,14069
States,New York,2011,43,X,0.41135,X,X,X,X,X,X,59,98,14343
States,New York,2011,44,X,0.527118,X,X,X,X,X,X,83,109,15746
States,New York,2011,45,X,0.399433,X,X,X,X,X,X,62,109,15522
States,New York,2011,46,X,0.443537,X,X,X,X,X,X,63,99,14204
States,New York,2011,47,X,0.36716,X,X,X,X,X,X,36,99,9805
States,New York,2011,48,X,0.61654,X,X,X,X,X,X,87,97,14111
States,New York,2011,49,X,0.696024,X,X,X,X,X,X,101,100,14511
States,New York,2011,50,X,0.58086,X,X,X,X,X,X,82,101,14117
States,New York,2011,51,X,0.491337,X,X,X,X,X,X,57,102,11601
States,New York,2011,52,X,0.455005,X,X,X,X,X,X,36,96,7912
States,New York,2012,1,X,0.657054,X,X,X,X,X,X,72,103,10958
States,New York,2012,2,X,0.719363,X,X,X,X,X,X,84,100,11677
States,New York,2012,3,X,0.6694,X,X,X,X,X,X,80,102,11951
States,New York,2012,4,X,0.509789,X,X,X,X,X,X,69,100,13535
States,New York,2012,5,X,0.593152,X,X,X,X,X,X,88,106,14836
States,New York,2012,6,X,0.508223,X,X,X,X,X,X,72,105,14167
States,New York,2012,7,X,0.586107,X,X,X,X,X,X,81,103,13820
States,New York,2012,8,X,0.988678,X,X,X,X,X,X,124,102,12542
States,New York,2012,9,X,0.785869,X,X,X,X,X,X,109,104,13870
States,New York,2012,10,X,0.745669,X,X,X,X,X,X,102,106,13679
States,New York,2012,11,X,0.996782,X,X,X,X,X,X,127,103,12741
States,New York,2012,12,X,0.686682,X,X,X,X,X,X,86,96,12524
States,New York,2012,13,X,0.598435,X,X,X,X,X,X,78,96,13034
States,New York,2012,14,X,0.796178,X,X,X,X,X,X,95,99,11932
States,New York,2012,15,X,0.812633,X,X,X,X,X,X,88,99,10829
States,New York,2012,16,X,0.689763,X,X,X,X,X,X,88,96,12758
States,New York,2012,17,X,0.665368,X,X,X,X,X,X,82,95,12324
States,New York,2012,18,X,0.46507,X,X,X,X,X,X,47,76,10106
States,New York,2012,19,X,0.557581,X,X,X,X,X,X,52,70,9326
States,New York,2012,20,X,0.560839,X,X,X,X,X,X,46,72,8202
States,New York,2012,21,X,0.416259,X,X,X,X,X,X,34,73,8168
States,New York,2012,22,X,0.394802,X,X,X,X,X,X,24,68,6079
States,New York,2012,23,X,0.291215,X,X,X,X,X,X,18,66,6181
States,New York,2012,24,X,0.163845,X,X,X,X,X,X,9,61,5493
States,New York,2012,25,X,0.224875,X,X,X,X,X,X,13,62,5781
States,New York,2012,26,X,0.155581,X,X,X,X,X,X,8,61,5142
States,New York,2012,27,X,0.29796,X,X,X,X,X,X,13,61,4363
States,New York,2012,28,X,0.13872,X,X,X,X,X,X,8,62,5767
States,New York,2012,29,X,0.124978,X,X,X,X,X,X,7,63,5601
States,New York,2012,30,X,0.0886682,X,X,X,X,X,X,5,62,5639
States,New York,2012,31,X,0.170487,X,X,X,X,X,X,9,59,5279
States,New York,2012,32,X,0.092302,X,X,X,X,X,X,5,59,5417
States,New York,2012,33,X,0.125045,X,X,X,X,X,X,7,61,5598
States,New York,2012,34,X,0.0612089,X,X,X,X,X,X,4,61,6535
States,New York,2012,35,X,0.083692,X,X,X,X,X,X,7,61,8364
States,New York,2012,36,X,0.117768,X,X,X,X,X,X,8,62,6793
States,New York,2012,37,X,0.173953,X,X,X,X,X,X,15,61,8623
States,New York,2012,38,X,0.108998,X,X,X,X,X,X,9,62,8257
States,New York,2012,39,X,0.283052,X,X,X,X,X,X,24,60,8479
States,New York,2012,40,X,0.293219,X,X,X,X,X,X,48,211,16370
States,New York,2012,41,X,0.572891,X,X,X,X,X,X,94,213,16408
States,New York,2012,42,X,1.00283,X,X,X,X,X,X,156,211,15556
States,New York,2012,43,X,0.778846,X,X,X,X,X,X,124,206,15921
States,New York,2012,44,X,0.633484,X,X,X,X,X,X,84,205,13260
States,New York,2012,45,X,0.832931,X,X,X,X,X,X,138,209,16568
States,New York,2012,46,X,0.991707,X,X,X,X,X,X,171,211,17243
States,New York,2012,47,X,1.70477,X,X,X,X,X,X,176,209,10324
States,New York,2012,48,X,1.67709,X,X,X,X,X,X,260,210,15503
States,New York,2012,49,X,2.11123,X,X,X,X,X,X,380,211,17999
States,New York,2012,50,X,3.03139,X,X,X,X,X,X,506,212,16692
States,New York,2012,51,X,3.62908,X,X,X,X,X,X,562,209,15486
States,New York,2012,52,X,5.95238,X,X,X,X,X,X,475,207,7980
States,New York,2013,1,X,3.99638,X,X,X,X,X,X,397,207,9934
States,New York,2013,2,X,4.13807,X,X,X,X,X,X,627,209,15152
States,New York,2013,3,X,4.53812,X,X,X,X,X,X,647,210,14257
States,New York,2013,4,X,4.06893,X,X,X,X,X,X,621,206,15262
States,New York,2013,5,X,2.9484,X,X,X,X,X,X,468,207,15873
States,New York,2013,6,X,2.7859,X,X,X,X,X,X,419,202,15040
States,New York,2013,7,X,3.39217,X,X,X,X,X,X,540,203,15919
States,New York,2013,8,X,3.48492,X,X,X,X,X,X,551,214,15811
States,New York,2013,9,X,2.67505,X,X,X,X,X,X,434,212,16224
States,New York,2013,10,X,2.38434,X,X,X,X,X,X,369,208,15476
States,New York,2013,11,X,2.70502,X,X,X,X,X,X,378,206,13974
States,New York,2013,12,X,2.2772,X,X,X,X,X,X,289,195,12691
States,New York,2013,13,X,1.6205,X,X,X,X,X,X,179,187,11046
States,New York,2013,14,X,1.58092,X,X,X,X,X,X,173,185,10943
States,New York,2013,15,X,1.33984,X,X,X,X,X,X,162,184,12091
States,New York,2013,16,X,1.47142,X,X,X,X,X,X,183,183,12437
States,New York,2013,17,X,1.19106,X,X,X,X,X,X,146,183,12258
States,New York,2013,18,X,0.979474,X,X,X,X,X,X,115,181,11741
States,New York,2013,19,X,0.859476,X,X,X,X,X,X,100,177,11635
States,New York,2013,20,X,0.830614,X,X,X,X,X,X,84,175,10113
States,New York,2013,21,X,0.678931,X,X,X,X,X,X,62,179,9132
States,New York,2013,22,X,1.19891,X,X,X,X,X,X,88,178,7340
States,New York,2013,23,X,0.893277,X,X,X,X,X,X,76,178,8508
States,New York,2013,24,X,0.881857,X,X,X,X,X,X,68,177,7711
States,New York,2013,25,X,0.564902,X,X,X,X,X,X,46,176,8143
States,New York,2013,26,X,0.606616,X,X,X,X,X,X,53,176,8737
States,New York,2013,27,X,0.826295,X,X,X,X,X,X,45,176,5446
States,New York,2013,28,X,0.635846,X,X,X,X,X,X,48,174,7549
States,New York,2013,29,X,0.449186,X,X,X,X,X,X,40,174,8905
States,New York,2013,30,X,0.784753,X,X,X,X,X,X,56,173,7136
States,New York,2013,31,X,0.43209,X,X,X,X,X,X,30,175,6943
States,New York,2013,32,X,0.561798,X,X,X,X,X,X,40,173,7120
States,New York,2013,33,X,0.367747,X,X,X,X,X,X,27,173,7342
States,New York,2013,34,X,0.455093,X,X,X,X,X,X,34,173,7471
States,New York,2013,35,X,0.396396,X,X,X,X,X,X,33,170,8325
States,New York,2013,36,X,0.347315,X,X,X,X,X,X,26,163,7486
States,New York,2013,37,X,0.32359,X,X,X,X,X,X,30,163,9271
States,New York,2013,38,X,0.38431,X,X,X,X,X,X,29,133,7546
States,New York,2013,39,X,0.266016,X,X,X,X,X,X,24,137,9022
States,New York,2013,40,X,0.582589,X,X,X,X,X,X,88,137,15105
States,New York,2013,41,X,0.552562,X,X,X,X,X,X,81,139,14659
States,New York,2013,42,X,0.573782,X,X,X,X,X,X,85,141,14814
States,New York,2013,43,X,0.753849,X,X,X,X,X,X,118,140,15653
States,New York,2013,44,X,0.719563,X,X,X,X,X,X,112,145,15565
States,New York,2013,45,X,0.850487,X,X,X,X,X,X,138,144,16226
States,New York,2013,46,X,0.809817,X,X,X,X,X,X,130,143,16053
States,New York,2013,47,X,0.915243,X,X,X,X,X,X,142,143,15515
States,New York,2013,48,X,0.990182,X,X,X,X,X,X,118,157,11917
States,New York,2013,49,X,0.958767,X,X,X,X,X,X,173,158,18044
States,New York,2013,50,X,1.03744,X,X,X,X,X,X,174,159,16772
States,New York,2013,51,X,1.35515,X,X,X,X,X,X,193,145,14242
States,New York,2013,52,X,2.99457,X,X,X,X,X,X,259,152,8649
States,New York,2014,1,X,2.97304,X,X,X,X,X,X,258,152,8678
States,New York,2014,2,X,1.99698,X,X,X,X,X,X,278,153,13921
States,New York,2014,3,X,2.80846,X,X,X,X,X,X,450,153,16023
States,New York,2014,4,X,2.91725,X,X,X,X,X,X,459,154,15734
States,New York,2014,5,X,3.13798,X,X,X,X,X,X,574,157,18292
States,New York,2014,6,X,3.65359,X,X,X,X,X,X,586,162,16039
States,New York,2014,7,X,2.90014,X,X,X,X,X,X,449,163,15482
States,New York,2014,8,X,1.88879,X,X,X,X,X,X,304,164,16095
States,New York,2014,9,X,1.54231,X,X,X,X,X,X,271,163,17571
States,New York,2014,10,X,1.78227,X,X,X,X,X,X,296,160,16608
States,New York,2014,11,X,1.9047,X,X,X,X,X,X,277,151,14543
States,New York,2014,12,X,2.19795,X,X,X,X,X,X,338,151,15378
States,New York,2014,13,X,2.73789,X,X,X,X,X,X,471,151,17203
States,New York,2014,14,X,3.06605,X,X,X,X,X,X,460,148,15003
States,New York,2014,15,X,3.09776,X,X,X,X,X,X,501,143,16173
States,New York,2014,16,X,2.37233,X,X,X,X,X,X,321,148,13531
States,New York,2014,17,X,1.50943,X,X,X,X,X,X,232,149,15370
States,New York,2014,18,X,1.59652,X,X,X,X,X,X,253,147,15847
States,New York,2014,19,X,1.362,X,X,X,X,X,X,216,147,15859
States,New York,2014,20,X,1.32629,X,X,X,X,X,X,201,141,15155
States,New York,2014,21,X,1.06975,X,X,X,X,X,X,148,140,13835
States,New York,2014,22,X,0.905888,X,X,X,X,X,X,90,138,9935
States,New York,2014,23,X,1.02176,X,X,X,X,X,X,116,135,11353
States,New York,2014,24,X,1.28228,X,X,X,X,X,X,144,131,11230
States,New York,2014,25,X,1.08052,X,X,X,X,X,X,126,129,11661
States,New York,2014,26,X,0.863077,X,X,X,X,X,X,96,128,11123
States,New York,2014,27,X,0.96,X,X,X,X,X,X,90,128,9375
States,New York,2014,28,X,0.662061,X,X,X,X,X,X,69,129,10422
States,New York,2014,29,X,0.7849,X,X,X,X,X,X,84,129,10702
States,New York,2014,30,X,0.633318,X,X,X,X,X,X,69,129,10895
States,New York,2014,31,X,0.790175,X,X,X,X,X,X,83,128,10504
States,New York,2014,32,X,0.585309,X,X,X,X,X,X,60,125,10251
States,New York,2014,33,X,0.552118,X,X,X,X,X,X,58,123,10505
States,New York,2014,34,X,0.449357,X,X,X,X,X,X,50,123,11127
States,New York,2014,35,X,0.530206,X,X,X,X,X,X,66,124,12448
States,New York,2014,36,X,0.337711,X,X,X,X,X,X,36,124,10660
States,New York,2014,37,X,0.645665,X,X,X,X,X,X,91,125,14094
States,New York,2014,38,X,0.835488,X,X,X,X,X,X,126,127,15081
States,New York,2014,39,X,0.796167,X,X,X,X,X,X,108,125,13565
States,New York,2014,40,X,0.693823,X,X,X,X,X,X,124,153,17872
States,New York,2014,41,X,0.609081,X,X,X,X,X,X,110,155,18060
States,New York,2014,42,X,0.76846,X,X,X,X,X,X,138,157,17958
States,New York,2014,43,X,0.872553,X,X,X,X,X,X,160,159,18337
States,New York,2014,44,X,0.95177,X,X,X,X,X,X,178,161,18702
States,New York,2014,45,X,1.10596,X,X,X,X,X,X,210,161,18988
States,New York,2014,46,X,1.11014,X,X,X,X,X,X,191,160,17205
States,New York,2014,47,X,1.38222,X,X,X,X,X,X,259,163,18738
States,New York,2014,48,X,1.84683,X,X,X,X,X,X,218,163,11804
States,New York,2014,49,X,1.41337,X,X,X,X,X,X,259,163,18325
States,New York,2014,50,X,1.64571,X,X,X,X,X,X,267,153,16224
States,New York,2014,51,X,2.65033,X,X,X,X,X,X,398,149,15017
States,New York,2014,52,X,6.18794,X,X,X,X,X,X,592,150,9567
States,New York,2014,53,X,4.54991,X,X,X,X,X,X,418,147,9187
States,New York,2015,1,X,4.20694,X,X,X,X,X,X,370,84,8795
States,New York,2015,2,X,5.391,X,X,X,X,X,X,526,86,9757
States,New York,2015,3,X,5.58831,X,X,X,X,X,X,635,82,11363
States,New York,2015,4,X,6.32707,X,X,X,X,X,X,744,85,11759
States,New York,2015,5,X,6.69472,X,X,X,X,X,X,700,80,10456
States,New York,2015,6,X,5.70743,X,X,X,X,X,X,666,82,11669
States,New York,2015,7,X,4.02477,X,X,X,X,X,X,403,79,10013
States,New York,2015,8,X,2.72662,X,X,X,X,X,X,305,82,11186
States,New York,2015,9,X,2.51903,X,X,X,X,X,X,278,83,11036
States,New York,2015,10,X,1.8082,X,X,X,X,X,X,191,81,10563
States,New York,2015,11,X,2.28283,X,X,X,X,X,X,226,77,9900
States,New York,2015,12,X,2.15005,X,X,X,X,X,X,237,81,11023
States,New York,2015,13,X,2.7072,X,X,X,X,X,X,244,79,9013
States,New York,2015,14,X,2.46135,X,X,X,X,X,X,199,78,8085
States,New York,2015,15,X,1.91507,X,X,X,X,X,X,184,77,9608
States,New York,2015,16,X,1.4716,X,X,X,X,X,X,150,75,10193
States,New York,2015,17,X,1.58698,X,X,X,X,X,X,155,74,9767
States,New York,2015,18,X,1.8077,X,X,X,X,X,X,185,73,10234
States,New York,2015,19,X,1.18835,X,X,X,X,X,X,113,71,9509
States,New York,2015,20,X,1.3621,X,X,X,X,X,X,101,66,7415
States,New York,2015,21,X,1.64894,X,X,X,X,X,X,93,64,5640
States,New York,2015,22,X,1.80865,X,X,X,X,X,X,107,62,5916
States,New York,2015,23,X,1.2451,X,X,X,X,X,X,73,60,5863
States,New York,2015,24,X,0.441726,X,X,X,X,X,X,26,60,5886
States,New York,2015,25,X,0.823114,X,X,X,X,X,X,49,61,5953
States,New York,2015,26,X,1.23305,X,X,X,X,X,X,60,60,4866
States,New York,2015,27,X,1.31579,X,X,X,X,X,X,71,60,5396
States,New York,2015,28,X,1.17908,X,X,X,X,X,X,69,60,5852
States,New York,2015,29,X,0.900576,X,X,X,X,X,X,50,58,5552
States,New York,2015,30,X,1.36986,X,X,X,X,X,X,71,60,5183
States,New York,2015,31,X,1.50362,X,X,X,X,X,X,81,60,5387
States,New York,2015,32,X,1.48782,X,X,X,X,X,X,80,58,5377
States,New York,2015,33,X,0.839793,X,X,X,X,X,X,52,57,6192
States,New York,2015,34,X,1.27684,X,X,X,X,X,X,88,56,6892
States,New York,2015,35,X,0.708316,X,X,X,X,X,X,50,55,7059
States,New York,2015,36,X,0.690934,X,X,X,X,X,X,41,55,5934
States,New York,2015,37,X,1.23784,X,X,X,X,X,X,84,54,6786
States,New York,2015,38,X,1.01226,X,X,X,X,X,X,71,55,7014
States,New York,2015,39,X,0.426954,X,X,X,X,X,X,23,23,5387
States,New York,2015,40,X,0.588433,X,X,X,X,X,X,70,80,11896
States,New York,2015,41,X,0.557203,X,X,X,X,X,X,62,80,11127
States,New York,2015,42,X,0.85962,X,X,X,X,X,X,115,82,13378
States,New York,2015,43,X,0.816171,X,X,X,X,X,X,107,83,13110
States,New York,2015,44,X,0.655665,X,X,X,X,X,X,89,84,13574
States,New York,2015,45,X,0.723665,X,X,X,X,X,X,97,85,13404
States,New York,2015,46,X,1.18498,X,X,X,X,X,X,159,82,13418
States,New York,2015,47,X,0.97867,X,X,X,X,X,X,78,83,7970
States,New York,2015,48,X,1.1818,X,X,X,X,X,X,141,80,11931
States,New York,2015,49,X,1.51335,X,X,X,X,X,X,178,77,11762
States,New York,2015,50,X,1.25511,X,X,X,X,X,X,129,80,10278
States,New York,2015,51,X,2.14651,X,X,X,X,X,X,126,80,5870
States,New York,2015,52,X,1.97842,X,X,X,X,X,X,99,78,5004
States,New York,2016,1,X,1.15723,X,X,X,X,X,X,92,75,7950
States,New York,2016,2,X,2.56989,X,X,X,X,X,X,205,78,7977
States,New York,2016,3,X,1.90067,X,X,X,X,X,X,155,82,8155
States,New York,2016,4,X,1.6013,X,X,X,X,X,X,167,81,10429
States,New York,2016,5,X,1.7329,X,X,X,X,X,X,191,83,11022
States,New York,2016,6,X,2.71642,X,X,X,X,X,X,273,80,10050
States,New York,2016,7,X,1.76664,X,X,X,X,X,X,172,80,9736
States,New York,2016,8,X,2.83297,X,X,X,X,X,X,288,79,10166
States,New York,2016,9,X,3.41463,X,X,X,X,X,X,357,80,10455
States,New York,2016,10,X,3.41609,X,X,X,X,X,X,366,79,10714
States,New York,2016,11,X,3.80303,X,X,X,X,X,X,346,75,9098
States,New York,2016,12,X,2.89463,X,X,X,X,X,X,278,72,9604
States,New York,2016,13,X,1.59898,X,X,X,X,X,X,113,47,7067
States,New York,2016,14,X,1.35135,X,X,X,X,X,X,97,45,7178
States,New York,2016,15,X,1.53967,X,X,X,X,X,X,118,41,7664
States,New York,2016,16,X,1.09692,X,X,X,X,X,X,79,40,7202
States,New York,2016,17,X,1.0275,X,X,X,X,X,X,68,40,6618
States,New York,2016,18,X,0.858972,X,X,X,X,X,X,55,37,6403
States,New York,2016,19,X,0.552289,X,X,X,X,X,X,31,36,5613
States,New York,2016,20,X,0.529832,X,X,X,X,X,X,23,34,4341
States,New York,2016,21,X,0.327198,X,X,X,X,X,X,8,30,2445
States,New York,2016,22,X,0,X,X,X,X,X,X,0,32,1965
States,New York,2016,23,X,0,X,X,X,X,X,X,0,32,2372
States,New York,2016,24,X,0.0979912,X,X,X,X,X,X,2,30,2041
States,New York,2016,25,X,0.0453926,X,X,X,X,X,X,1,31,2203
States,New York,2016,26,X,0.0457247,X,X,X,X,X,X,1,31,2187
States,New York,2016,27,X,0,X,X,X,X,X,X,0,31,1800
States,New York,2016,28,X,0.0838926,X,X,X,X,X,X,2,30,2384
States,New York,2016,29,X,0,X,X,X,X,X,X,0,29,1968
States,New York,2016,30,X,0,X,X,X,X,X,X,0,30,2143
States,New York,2016,31,X,0.110742,X,X,X,X,X,X,2,26,1806
States,New York,2016,32,X,0,X,X,X,X,X,X,0,26,1638
States,New York,2016,33,X,0.182039,X,X,X,X,X,X,3,23,1648
States,New York,2016,34,X,0.031506,X,X,X,X,X,X,1,21,3174
States,New York,2016,35,X,0,X,X,X,X,X,X,0,24,4301
States,New York,2016,36,X,0.0777605,X,X,X,X,X,X,3,24,3858
States,New York,2016,37,X,0.183486,X,X,X,X,X,X,9,24,4905
States,New York,2016,38,X,0.0412967,X,X,X,X,X,X,2,24,4843
States,New York,2016,39,X,0.164406,X,X,X,X,X,X,8,25,4866
States,New York,2016,40,X,0.725918,X,X,X,X,X,X,115,66,15842
States,New York,2016,41,X,0.945864,X,X,X,X,X,X,141,64,14907
States,New York,2016,42,X,1.10167,X,X,X,X,X,X,175,65,15885
States,New York,2016,43,X,0.898849,X,X,X,X,X,X,146,67,16243
States,New York,2016,44,X,0.918,X,X,X,X,X,X,148,71,16122
States,New York,2016,45,X,1.22738,X,X,X,X,X,X,194,69,15806
States,New York,2016,46,X,1.12103,X,X,X,X,X,X,182,70,16235
States,New York,2016,47,X,1.74806,X,X,X,X,X,X,194,72,11098
States,New York,2016,48,X,1.62637,X,X,X,X,X,X,261,71,16048
States,New York,2016,49,X,1.45618,X,X,X,X,X,X,223,70,15314
States,New York,2016,50,X,1.47612,X,X,X,X,X,X,208,69,14091
States,New York,2016,51,X,3.14039,X,X,X,X,X,X,389,68,12387
States,New York,2016,52,X,5.42753,X,X,X,X,X,X,537,64,9894
States,New York,2017,1,X,5.17272,X,X,X,X,X,X,584,65,11290
States,New York,2017,2,X,5.93932,X,X,X,X,X,X,736,67,12392
States,New York,2017,3,X,6.78861,X,X,X,X,X,X,913,68,13449
States,New York,2017,4,X,7.54014,X,X,X,X,X,X,1174,69,15570
States,New York,2017,5,X,8.68115,X,X,X,X,X,X,1431,69,16484
States,New York,2017,6,X,9.81455,X,X,X,X,X,X,1466,68,14937
States,New York,2017,7,X,8.27769,X,X,X,X,X,X,1153,66,13929
States,New York,2017,8,X,6.33198,X,X,X,X,X,X,811,67,12808
States,New York,2017,9,X,2.9721,X,X,X,X,X,X,407,67,13694
States,New York,2017,10,X,3.20508,X,X,X,X,X,X,419,66,13073
States,New York,2017,11,X,3.91216,X,X,X,X,X,X,383,64,9790
States,New York,2017,12,X,3.57547,X,X,X,X,X,X,505,68,14124
States,New York,2017,13,X,4.58545,X,X,X,X,X,X,568,66,12387
States,New York,2017,14,X,4.82565,X,X,X,X,X,X,584,62,12102
States,New York,2017,15,X,3.25149,X,X,X,X,X,X,343,58,10549
States,New York,2017,16,X,1.9606,X,X,X,X,X,X,209,56,10660
States,New York,2017,17,X,1.9738,X,X,X,X,X,X,217,57,10994
States,New York,2017,18,X,1.96009,X,X,X,X,X,X,221,56,11275
States,New York,2017,19,X,1.4525,X,X,X,X,X,X,163,55,11222
States,New York,2017,20,X,1.47045,X,X,X,X,X,X,154,54,10473
States,New York,2017,21,X,1.64255,X,X,X,X,X,X,143,44,8706
States,New York,2017,22,X,1.66997,X,X,X,X,X,X,101,43,6048
States,New York,2017,23,X,1.43437,X,X,X,X,X,X,106,42,7390
States,New York,2017,24,X,1.36968,X,X,X,X,X,X,104,43,7593
States,New York,2017,25,X,1.38908,X,X,X,X,X,X,100,42,7199
States,New York,2017,26,X,1.18149,X,X,X,X,X,X,83,43,7025
States,New York,2017,27,X,1.1153,X,X,X,X,X,X,74,43,6635
States,New York,2017,28,X,0.998308,X,X,X,X,X,X,59,43,5910
States,New York,2017,29,X,1.07903,X,X,X,X,X,X,74,42,6858
States,New York,2017,30,X,0.944611,X,X,X,X,X,X,66,41,6987
States,New York,2017,31,X,0.961125,X,X,X,X,X,X,67,41,6971
States,New York,2017,32,X,0.904343,X,X,X,X,X,X,71,41,7851
States,New York,2017,33,X,0.893612,X,X,X,X,X,X,74,40,8281
States,New York,2017,34,X,0.899017,X,X,X,X,X,X,86,41,9566
States,New York,2017,35,X,0.795934,X,X,X,X,X,X,83,40,10428
States,New York,2017,36,X,0.932594,X,X,X,X,X,X,79,41,8471
States,New York,2017,37,X,0.904698,X,X,X,X,X,X,88,40,9727
States,New York,2017,38,X,0.938622,X,X,X,X,X,X,102,41,10867
States,New York,2017,39,X,1.24783,X,X,X,X,X,X,122,39,9777
States,New York,2017,40,X,1.19834,X,X,X,X,X,X,147,52,12267
States,New York,2017,41,X,1.0355,X,X,X,X,X,X,133,55,12844
States,New York,2017,42,X,1.37308,X,X,X,X,X,X,187,53,13619
States,New York,2017,43,X,1.36996,X,X,X,X,X,X,198,56,14453
States,New York,2017,44,X,1.50787,X,X,X,X,X,X,204,54,13529
States,New York,2017,45,X,1.61033,X,X,X,X,X,X,232,56,14407
States,New York,2017,46,X,1.6294,X,X,X,X,X,X,239,56,14668
States,New York,2017,47,X,1.90003,X,X,X,X,X,X,195,56,10263
States,New York,2017,48,X,2.09801,X,X,X,X,X,X,277,55,13203
States,New York,2017,49,X,2.39118,X,X,X,X,X,X,334,58,13968
States,New York,2017,50,X,2.65723,X,X,X,X,X,X,349,55,13134
States,New York,2017,51,X,3.81745,X,X,X,X,X,X,445,52,11657
States,New York,2017,52,X,3.58402,X,X,X,X,X,X,366,52,10212
States,New York,2018,1,X,4.56376,X,X,X,X,X,X,340,51,7450
States,New York,2018,2,X,6.19621,X,X,X,X,X,X,648,51,10458
States,New York,2018,3,X,7.44408,X,X,X,X,X,X,842,54,11311
States,New York,2018,4,X,9.17524,X,X,X,X,X,X,1355,56,14768
States,New York,2018,5,X,10.9383,X,X,X,X,X,X,1674,53,15304
States,New York,2018,6,X,10.7166,X,X,X,X,X,X,1678,55,15658
States,New York,2018,7,X,10.3037,X,X,X,X,X,X,1588,55,15412
States,New York,2018,8,X,6.97767,X,X,X,X,X,X,875,55,12540
States,New York,2018,9,X,5.04069,X,X,X,X,X,X,576,54,11427
States,New York,2018,10,X,3.71947,X,X,X,X,X,X,402,53,10808
States,New York,2018,11,X,3.37375,X,X,X,X,X,X,345,53,10226
States,New York,2018,12,X,2.35595,X,X,X,X,X,X,249,52,10569
States,New York,2018,13,X,2.59165,X,X,X,X,X,X,275,48,10611
States,New York,2018,14,X,2.34435,X,X,X,X,X,X,212,50,9043
States,New York,2018,15,X,2.19619,X,X,X,X,X,X,240,51,10928
States,New York,2018,16,X,2.22306,X,X,X,X,X,X,237,48,10661
States,New York,2018,17,X,1.59244,X,X,X,X,X,X,177,48,11115
States,New York,2018,18,X,2.20051,X,X,X,X,X,X,232,46,10543
States,New York,2018,19,X,1.50123,X,X,X,X,X,X,165,44,10991
States,New York,2018,20,X,1.42733,X,X,X,X,X,X,131,41,9178
States,New York,2018,21,X,1.24434,X,X,X,X,X,X,99,40,7956
States,New York,2018,22,X,1.40187,X,X,X,X,X,X,99,38,7062
States,New York,2018,23,X,0.0269724,X,X,X,X,X,X,2,39,7415
States,New York,2018,24,X,0.0407609,X,X,X,X,X,X,3,37,7360
States,New York,2018,25,X,0,X,X,X,X,X,X,0,37,7529
States,New York,2018,26,X,0.0150943,X,X,X,X,X,X,1,36,6625
States,New York,2018,27,X,0.176025,X,X,X,X,X,X,10,35,5681
States,New York,2018,28,X,0,X,X,X,X,X,X,0,36,7055
States,New York,2018,29,X,0,X,X,X,X,X,X,0,35,6891
States,New York,2018,30,X,0.0135135,X,X,X,X,X,X,1,34,7400
States,New York,2018,31,X,0.0136836,X,X,X,X,X,X,1,35,7308
States,New York,2018,32,X,0,X,X,X,X,X,X,0,35,7789
States,New York,2018,33,X,0,X,X,X,X,X,X,0,33,8346
States,New York,2018,34,X,0,X,X,X,X,X,X,0,34,8892
States,New York,2018,35,X,0,X,X,X,X,X,X,0,33,9869
States,New York,2018,36,X,0.0857633,X,X,X,X,X,X,2,13,2332
States,New York,2018,37,X,0.289645,X,X,X,X,X,X,8,14,2762
States,New York,2018,38,X,0.358657,X,X,X,X,X,X,11,14,3067
States,New York,2018,39,X,0.228311,X,X,X,X,X,X,26,35,11388
States,New York,2018,40,X,0.964829,X,X,X,X,X,X,623,132,64571
States,New York,2018,41,X,0.981513,X,X,X,X,X,X,661,134,67345
States,New York,2018,42,X,1.1094,X,X,X,X,X,X,706,133,63638
States,New York,2018,43,X,1.13599,X,X,X,X,X,X,700,134,61620
States,New York,2018,44,X,1.27149,X,X,X,X,X,X,786,134,61817
States,New York,2018,45,X,1.09671,X,X,X,X,X,X,710,134,64739
States,New York,2018,46,X,1.13885,X,X,X,X,X,X,657,134,57690
States,New York,2018,47,X,1.34073,X,X,X,X,X,X,742,135,55343
States,New York,2018,48,X,1.31868,X,X,X,X,X,X,828,135,62790
States,New York,2018,49,X,1.46959,X,X,X,X,X,X,892,134,60697
States,New York,2018,50,X,1.95869,X,X,X,X,X,X,1172,132,59836
States,New York,2018,51,X,2.41959,X,X,X,X,X,X,1424,132,58853
States,New York,2018,52,X,3.02337,X,X,X,X,X,X,1757,133,58114
States,New York,2019,1,X,2.79803,X,X,X,X,X,X,1727,134,61722
States,New York,2019,2,X,2.54146,X,X,X,X,X,X,1514,131,59572
States,New York,2019,3,X,3.09061,X,X,X,X,X,X,1820,134,58888
States,New York,2019,4,X,3.47772,X,X,X,X,X,X,2085,135,59953
States,New York,2019,5,X,3.43975,X,X,X,X,X,X,2157,134,62708
States,New York,2019,6,X,3.87513,X,X,X,X,X,X,2675,133,69030
States,New York,2019,7,X,4.5487,X,X,X,X,X,X,2997,130,65887
States,New York,2019,8,X,4.08581,X,X,X,X,X,X,2295,126,56170
