"*Beginning for the 2015-16 season, reports from public health and clinical laboratories are presented separately in the weekly influenza update, FluView.  Data presented from public health laboratories include the weekly total number of specimens tested, the number of positive influenza tests, and the number by influenza virus type, subtype, and influenza B lineage."
REGION TYPE,REGION,SEASON_DESCRIPTION,TOTAL SPECIMENS,A (2009 H1N1),A (H3),A (Subtyping not Performed),B,BVic,BYam,H3N2v
States,New York,Season 2015-16,3219,889,96,30,32,167,91,0
States,New York,Season 2016-17,2581,10,857,17,56,39,164,0
States,New York,Season 2017-18,4102,232,1422,18,153,17,384,0
States,New York,Season 2018-19,1334,355,249,13,3,0,2,0
