"","id","text","queryMetadata.query","created_at","user.screen_name","longitude","latitude","state","city"
"6",1087050423284961280,"Brish horhi hay.. Or mjhy flu hogyaa bethy bithaay","flu","2019-01-20T13:13:11Z","Cash_Mish",-84.3066722,34.1945158,"Georgia","Holbrook"
"9",1087027099293102080,"Bilawaja bol rai hai flu hua hai is liye awazar hun.","flu","2019-01-20T11:40:31Z","_code_blue__",-94.6171303,36.834603,"Missouri","Seneca"
"10",1087025115639021568,"Swain flu aaj ke 12 month pahle bhi tha. Tab aap kaha Gaye the. Ya Kisi ne mana kiya tha.","flu","2019-01-20T11:32:38Z","lalchandbairwa7",-103.2502728,44.0668431,"South Dakota","Rapid City"
"28",1086944599250210816,"Swine flu <U+0915><U+094B> <U+090F><U+0915> <U+092E><U+094C><U+0915><U+093E> <U+0914><U+0930> <U+092E><U+093F><U+0932><U+0928><U+093E> <U+091A><U+093E><U+0939><U+093F><U+090F>... <U+092E><U+093F><U+0924><U+094D><U+0930><U+094B><U+0902>...<U+092E><U+093F><U+0932><U+0928><U+093E> <U+091A><U+093E><U+0939><U+093F><U+090F> <U+0915><U+093F> <U+0928><U+0939><U+0940><U+0902> <U+092E><U+093F><U+0932><U+0928><U+093E> <U+091A><U+093E><U+0939><U+093F><U+090F>","flu","2019-01-20T06:12:41Z","AagayiNavya",-96.7888805,32.7949418,"Texas","Dallas"
"31",1086934403564167168,"Ye barish, flu aur mein","flu","2019-01-20T05:32:10Z","_code_blue__",-94.6171303,36.834603,"Missouri","Seneca"
"54",1086871206245163008,"Hence proved <U+0905><U+0917><U+0930> swine flu <U+0907><U+0902><U+0938><U+093E><U+0928><U+094B> <U+0915><U+094B> <U+0939><U+094B> <U+091C><U+093E><U+090F> <U+0914><U+0930> <U+0938><U+0939><U+0940> <U+0938><U+092E><U+092F> <U+092A><U+0930> <U+092A><U+0915><U+0921><U+093E> <U+091C><U+093E><U+090F> <U+0914><U+0930> <U+0908><U+0932><U+093E><U+091C> <U+0939><U+094B> <U+091C><U+093E><U+090F> <U+0924><U+094B> <U+0916><U+0924><U+0930><U+093E> <U+091F><U+0932> <U+0938><U+0915><U+0924><U+093E> <U+0939><U+0948> <U+092A><U+0930><U+0902><U+0924><U+0941> <U+092F><U+0939><U+0940> <U+092C><U+0941><U+0916><U+093E><U+0930> swine <U+0915><U+094B> <U+0939><U+094B> <U+091C><U+093E><U+090F> <U+0924><U+094B> <U+0916><U+0924><U+0930><U+093E> <U+091C><U+094D><U+092F><U+093E><U+0926><U+093E> <U+0939><U+0948> <U+0924><U+094B> <U+092C><U+091A> <U+0915><U+0930> <U+0930><U+0939><U+0928><U+093E> <U+0938><U+0930> <U+091C><U+0940> !
@
GargaCpic.twitter.com/Giro2R41yr","flu","2019-01-20T01:21:03Z","HimanshiKunwar1",-75.1433572,39.8444225,"New Jersey","North Woodbury"
"61",1086852640607154176,"Hello fraands , Khud ko Cancer aur Swine flu se bachalo... pic.twitter.com/d8KN1T4NaG","flu","2019-01-20T00:07:16Z","BrainandMoney",-95.6400855,37.0329949,"Kansas","Coffeyville"
"64",1086782565342564352,"Swin flu <U+0938><U+094D><U+091F><U+0947><U+091F><U+092E><U+0947><U+0902><U+091F><U+094D><U+0938> <U+092D><U+0940> <U+0917><U+0932><U+0924>","flu","2019-01-19T19:28:49Z","pilbksc",-81.0051926,35.0444791,"South Carolina","Tega Cay"
"128",1086606876693807104,"Swine flu ko Amit Shah ho gaya","flu","2019-01-19T07:50:42Z","bukhari__sb",-122.4172004,37.7764685,"California","San Francisco"
